model,mae,rmse,rmae,coverage_80_pct
LGBM+CQR,17.872348000192222,28.754203246036422,0.6398978875829654,78.92240886755799
LEAR+CQR,18.242305031257153,32.750369991540545,0.6531437533568619,79.5966175294252
TFT ens-3,19.714530433123937,32.24073513841653,0.7058550101369114,79.55352032054951
Naive 1-day,27.961114400961208,44.199937751731156,1.001114013639857,53.135370179654416
PatchTST,22.98,,0.823,69.5
