model,mae,rmae_vs_naive1d,coverage_80_pct,spike_mae,n_hours
tft_price_ctx168,25.93933387653916,0.9288976997555581,72.10648148148148,72.43506460966887,4320
tft_price_ctx672,24.542557148544876,0.8788785783748247,72.5925925925926,54.326118668450256,4320
tft_price_ctx2016,24.102687906335902,0.8631266886298575,72.12962962962963,57.75863997565376,4320
